trial,testing,parameters,initial_deadline,final_deadline,net_reward,actions,success
1,False,"{'a': 0.01, 'e': 0.99}",30,0,-146.57604538720628,"{0: 19, 1: 3, 2: 5, 3: 1, 4: 2}",0
2,False,"{'a': 0.01, 'e': 0.9801}",30,19,-74.85803374675689,"{0: 6, 1: 1, 2: 2, 3: 1, 4: 1}",1
3,False,"{'a': 0.01, 'e': 0.9702989999999999}",25,2,-91.24201883660972,"{0: 17, 1: 1, 2: 3, 3: 0, 4: 2}",1
4,False,"{'a': 0.01, 'e': 0.96059601}",20,5,-94.41951326691957,"{0: 8, 1: 1, 2: 4, 3: 1, 4: 1}",1
5,False,"{'a': 0.01, 'e': 0.9509900498999999}",20,15,3.4465313467832037,"{0: 4, 1: 1, 2: 0, 3: 0, 4: 0}",1
6,False,"{'a': 0.01, 'e': 0.9414801494009999}",20,6,-122.50888843747283,"{0: 7, 1: 2, 2: 2, 3: 1, 4: 2}",1
7,False,"{'a': 0.01, 'e': 0.9320653479069899}",20,1,-38.89847631040386,"{0: 12, 1: 4, 2: 3, 3: 0, 4: 0}",1
8,False,"{'a': 0.01, 'e': 0.92274469442792}",35,0,-90.28761727630868,"{0: 22, 1: 5, 2: 7, 3: 1, 4: 0}",0
9,False,"{'a': 0.01, 'e': 0.9135172474836407}",25,0,-148.68090836981116,"{0: 15, 1: 1, 2: 6, 3: 1, 4: 2}",0
10,False,"{'a': 0.01, 'e': 0.9043820750088043}",20,0,-56.733771923532515,"{0: 13, 1: 2, 2: 4, 3: 1, 4: 0}",0
11,False,"{'a': 0.01, 'e': 0.8953382542587163}",20,0,-109.63236283765877,"{0: 10, 1: 4, 2: 4, 3: 1, 4: 1}",0
12,False,"{'a': 0.01, 'e': 0.8863848717161291}",30,0,-121.83689879827642,"{0: 21, 1: 2, 2: 5, 3: 0, 4: 2}",0
13,False,"{'a': 0.01, 'e': 0.8775210229989678}",35,22,-6.722101409967456,"{0: 11, 1: 1, 2: 0, 3: 1, 4: 0}",1
14,False,"{'a': 0.01, 'e': 0.8687458127689781}",25,17,-15.056127632396406,"{0: 5, 1: 1, 2: 2, 3: 0, 4: 0}",1
15,False,"{'a': 0.01, 'e': 0.8600583546412883}",30,14,-43.35844885348747,"{0: 12, 1: 2, 2: 1, 3: 0, 4: 1}",1
16,False,"{'a': 0.01, 'e': 0.8514577710948754}",20,2,-115.4079473539242,"{0: 10, 1: 3, 2: 3, 3: 0, 4: 2}",1
17,False,"{'a': 0.01, 'e': 0.8429431933839266}",30,0,-200.62036079044853,"{0: 19, 1: 3, 2: 3, 3: 1, 4: 4}",0
18,False,"{'a': 0.01, 'e': 0.8345137614500874}",20,0,-89.5826134130462,"{0: 13, 1: 2, 2: 2, 3: 2, 4: 1}",0
19,False,"{'a': 0.01, 'e': 0.8261686238355865}",20,0,-76.63385547755425,"{0: 13, 1: 3, 2: 3, 3: 0, 4: 1}",0
20,False,"{'a': 0.01, 'e': 0.8179069375972307}",20,0,-73.15233456372249,"{0: 12, 1: 1, 2: 6, 3: 1, 4: 0}",0
21,False,"{'a': 0.01, 'e': 0.8097278682212583}",25,0,-63.809220933502296,"{0: 17, 1: 5, 2: 1, 3: 1, 4: 1}",0
22,False,"{'a': 0.01, 'e': 0.8016305895390458}",20,11,-81.12798037215319,"{0: 5, 1: 0, 2: 1, 3: 2, 4: 1}",1
23,False,"{'a': 0.01, 'e': 0.7936142836436553}",25,0,-258.3703071804323,"{0: 13, 1: 1, 2: 5, 3: 1, 4: 5}",0
24,False,"{'a': 0.01, 'e': 0.7856781408072188}",25,11,-82.6188109699339,"{0: 8, 1: 0, 2: 4, 3: 1, 4: 1}",1
25,False,"{'a': 0.01, 'e': 0.7778213593991465}",30,0,-211.88603086507126,"{0: 20, 1: 2, 2: 3, 3: 0, 4: 5}",0
26,False,"{'a': 0.01, 'e': 0.7700431458051551}",20,0,-106.3981750946696,"{0: 13, 1: 0, 2: 4, 3: 2, 4: 1}",0
27,False,"{'a': 0.01, 'e': 0.7623427143471035}",25,0,-209.25312926508937,"{0: 15, 1: 0, 2: 5, 3: 1, 4: 4}",0
28,False,"{'a': 0.01, 'e': 0.7547192872036325}",20,0,-84.60452330876912,"{0: 13, 1: 1, 2: 3, 3: 3, 4: 0}",0
29,False,"{'a': 0.01, 'e': 0.7471720943315961}",20,16,8.465833362962865,"{0: 4, 1: 0, 2: 0, 3: 0, 4: 0}",1
30,False,"{'a': 0.01, 'e': 0.7397003733882802}",20,0,-74.09461468299412,"{0: 13, 1: 2, 2: 4, 3: 0, 4: 1}",0
31,False,"{'a': 0.01, 'e': 0.7323033696543974}",30,15,-48.46394052882842,"{0: 11, 1: 2, 2: 0, 3: 1, 4: 1}",1
32,False,"{'a': 0.01, 'e': 0.7249803359578534}",35,1,-105.65464821693129,"{0: 24, 1: 4, 2: 4, 3: 0, 4: 2}",1
33,False,"{'a': 0.01, 'e': 0.7177305325982748}",20,0,-63.44959968859591,"{0: 16, 1: 0, 2: 2, 3: 1, 4: 1}",0
34,False,"{'a': 0.01, 'e': 0.7105532272722921}",20,0,-17.64778190165772,"{0: 17, 1: 0, 2: 2, 3: 1, 4: 0}",0
35,False,"{'a': 0.01, 'e': 0.7034476949995692}",20,0,-16.422586485509505,"{0: 15, 1: 2, 2: 3, 3: 0, 4: 0}",0
36,False,"{'a': 0.01, 'e': 0.6964132180495735}",20,0,-104.1080851546553,"{0: 11, 1: 1, 2: 7, 3: 0, 4: 1}",0
37,False,"{'a': 0.01, 'e': 0.6894490858690777}",30,0,-128.0783310897806,"{0: 23, 1: 1, 2: 3, 3: 0, 4: 3}",0
38,False,"{'a': 0.01, 'e': 0.682554595010387}",30,0,-123.05005764149786,"{0: 21, 1: 3, 2: 3, 3: 1, 4: 2}",0
39,False,"{'a': 0.01, 'e': 0.6757290490602831}",25,0,-52.36881041767066,"{0: 20, 1: 0, 2: 4, 3: 0, 4: 1}",0
40,False,"{'a': 0.01, 'e': 0.6689717585696803}",25,0,-69.60623488655926,"{0: 20, 1: 0, 2: 3, 3: 1, 4: 1}",0
41,False,"{'a': 0.01, 'e': 0.6622820409839835}",20,8,12.231487026976106,"{0: 11, 1: 1, 2: 0, 3: 0, 4: 0}",1
42,False,"{'a': 0.01, 'e': 0.6556592205741436}",20,0,-114.45429939593038,"{0: 14, 1: 0, 2: 3, 3: 1, 4: 2}",0
43,False,"{'a': 0.01, 'e': 0.6491026283684022}",30,5,-39.94901463558473,"{0: 20, 1: 0, 2: 3, 3: 2, 4: 0}",1
44,False,"{'a': 0.01, 'e': 0.6426116020847181}",20,0,-51.72868732769781,"{0: 14, 1: 4, 2: 1, 3: 0, 4: 1}",0
45,False,"{'a': 0.01, 'e': 0.6361854860638709}",20,7,-0.9336353516740357,"{0: 11, 1: 1, 2: 1, 3: 0, 4: 0}",1
46,False,"{'a': 0.01, 'e': 0.6298236312032323}",20,0,-57.65144629442089,"{0: 15, 1: 1, 2: 3, 3: 0, 4: 1}",0
47,False,"{'a': 0.01, 'e': 0.6235253948912}",20,0,-68.92406212621002,"{0: 15, 1: 1, 2: 2, 3: 1, 4: 1}",0
48,False,"{'a': 0.01, 'e': 0.617290140942288}",25,11,-67.20049991504642,"{0: 8, 1: 2, 2: 3, 3: 0, 4: 1}",1
49,False,"{'a': 0.01, 'e': 0.6111172395328651}",30,12,-23.605415354402524,"{0: 16, 1: 0, 2: 1, 3: 0, 4: 1}",1
50,False,"{'a': 0.01, 'e': 0.6050060671375365}",30,16,-11.164525006445555,"{0: 11, 1: 0, 2: 3, 3: 0, 4: 0}",1
51,False,"{'a': 0.01, 'e': 0.5989560064661611}",25,2,-21.75874261837808,"{0: 17, 1: 2, 2: 4, 3: 0, 4: 0}",1
52,False,"{'a': 0.01, 'e': 0.5929664464014994}",25,18,-5.871226443947204,"{0: 5, 1: 1, 2: 1, 3: 0, 4: 0}",1
53,False,"{'a': 0.01, 'e': 0.5870367819374844}",20,3,-2.3656018157508267,"{0: 14, 1: 2, 2: 1, 3: 0, 4: 0}",1
54,False,"{'a': 0.01, 'e': 0.5811664141181095}",25,0,-35.43779136628215,"{0: 19, 1: 2, 2: 3, 3: 1, 4: 0}",0
55,False,"{'a': 0.01, 'e': 0.5753547499769285}",20,0,-44.66694048865568,"{0: 14, 1: 1, 2: 4, 3: 1, 4: 0}",0
56,False,"{'a': 0.01, 'e': 0.5696012024771592}",25,13,-75.93481472029913,"{0: 9, 1: 0, 2: 1, 3: 0, 4: 2}",1
57,False,"{'a': 0.01, 'e': 0.5639051904523876}",25,13,10.547217311723724,"{0: 11, 1: 1, 2: 0, 3: 0, 4: 0}",1
58,False,"{'a': 0.01, 'e': 0.5582661385478638}",30,1,-99.99969168365139,"{0: 23, 1: 1, 2: 2, 3: 1, 4: 2}",1
59,False,"{'a': 0.01, 'e': 0.5526834771623851}",20,0,-41.732798956709914,"{0: 14, 1: 3, 2: 1, 3: 2, 4: 0}",0
60,False,"{'a': 0.01, 'e': 0.5471566423907612}",25,10,-36.93952688751858,"{0: 11, 1: 0, 2: 3, 3: 1, 4: 0}",1
61,False,"{'a': 0.01, 'e': 0.5416850759668536}",25,0,-132.66007580874287,"{0: 17, 1: 3, 2: 2, 3: 0, 4: 3}",0
62,False,"{'a': 0.01, 'e': 0.536268225207185}",30,13,-79.05024252489514,"{0: 13, 1: 0, 2: 2, 3: 0, 4: 2}",1
63,False,"{'a': 0.01, 'e': 0.5309055429551132}",20,0,-8.602516227224797,"{0: 17, 1: 2, 2: 0, 3: 1, 4: 0}",0
64,False,"{'a': 0.01, 'e': 0.525596487525562}",25,8,-25.825953698902534,"{0: 15, 1: 1, 2: 0, 3: 0, 4: 1}",1
65,False,"{'a': 0.01, 'e': 0.5203405226503064}",25,0,-175.21854092607887,"{0: 14, 1: 3, 2: 4, 3: 1, 4: 3}",0
66,False,"{'a': 0.01, 'e': 0.5151371174238033}",20,0,-20.3887250675799,"{0: 15, 1: 1, 2: 4, 3: 0, 4: 0}",0
67,False,"{'a': 0.01, 'e': 0.5099857462495653}",20,0,-134.51280853782112,"{0: 14, 1: 1, 2: 1, 3: 1, 4: 3}",0
68,False,"{'a': 0.01, 'e': 0.5048858887870696}",20,0,-53.57936433920128,"{0: 15, 1: 1, 2: 3, 3: 0, 4: 1}",1
69,False,"{'a': 0.01, 'e': 0.4998370298991989}",30,16,-41.44198823144816,"{0: 10, 1: 0, 2: 2, 3: 2, 4: 0}",1
70,False,"{'a': 0.01, 'e': 0.49483865960020695}",25,1,-60.69785175606227,"{0: 19, 1: 0, 2: 3, 3: 1, 4: 1}",1
71,False,"{'a': 0.01, 'e': 0.4898902730042049}",25,4,-31.97255786353823,"{0: 17, 1: 1, 2: 2, 3: 0, 4: 1}",1
72,False,"{'a': 0.01, 'e': 0.48499137027416284}",20,0,-96.48065104924311,"{0: 12, 1: 0, 2: 7, 3: 0, 4: 1}",1
73,False,"{'a': 0.01, 'e': 0.4801414565714212}",30,0,-50.23667496954498,"{0: 23, 1: 3, 2: 3, 3: 0, 4: 1}",0
74,False,"{'a': 0.01, 'e': 0.475340042005707}",20,3,-113.81142013561075,"{0: 10, 1: 1, 2: 3, 3: 1, 4: 2}",1
75,False,"{'a': 0.01, 'e': 0.47058664158564995}",25,4,-45.57902754672452,"{0: 17, 1: 1, 2: 1, 3: 1, 4: 1}",1
76,False,"{'a': 0.01, 'e': 0.4658807751697934}",20,3,10.129298450078247,"{0: 16, 1: 0, 2: 1, 3: 0, 4: 0}",1
77,False,"{'a': 0.01, 'e': 0.4612219674180955}",25,0,-61.99376508589748,"{0: 21, 1: 0, 2: 1, 3: 2, 4: 1}",0
78,False,"{'a': 0.01, 'e': 0.45660974774391455}",25,0,-51.65650973006041,"{0: 19, 1: 3, 2: 1, 3: 1, 4: 1}",0
79,False,"{'a': 0.01, 'e': 0.4520436502664754}",25,17,2.7585888426299627,"{0: 7, 1: 0, 2: 1, 3: 0, 4: 0}",1
80,False,"{'a': 0.01, 'e': 0.44752321376381066}",25,13,0.7127549453694388,"{0: 11, 1: 0, 2: 0, 3: 1, 4: 0}",1
81,False,"{'a': 0.01, 'e': 0.44304798162617254}",25,14,17.385267621403155,"{0: 11, 1: 0, 2: 0, 3: 0, 4: 0}",1
82,False,"{'a': 0.01, 'e': 0.4386175018099108}",25,0,-68.84887681405566,"{0: 19, 1: 1, 2: 3, 3: 1, 4: 1}",0
83,False,"{'a': 0.01, 'e': 0.4342313267918117}",30,4,-25.96346147698461,"{0: 22, 1: 0, 2: 3, 3: 0, 4: 1}",1
84,False,"{'a': 0.01, 'e': 0.4298890135238936}",20,1,-106.6547930178293,"{0: 13, 1: 1, 2: 2, 3: 1, 4: 2}",1
85,False,"{'a': 0.01, 'e': 0.42559012338865465}",20,7,17.534584838881234,"{0: 12, 1: 1, 2: 0, 3: 0, 4: 0}",1
86,False,"{'a': 0.01, 'e': 0.4213342221547681}",30,11,-31.837077866077923,"{0: 16, 1: 1, 2: 1, 3: 0, 4: 1}",1
87,False,"{'a': 0.01, 'e': 0.41712087993322045}",35,20,-42.64298796652262,"{0: 9, 1: 2, 2: 3, 3: 1, 4: 0}",1
88,False,"{'a': 0.01, 'e': 0.41294967113388825}",25,11,-4.41148047336809,"{0: 11, 1: 1, 2: 2, 3: 0, 4: 0}",1
89,False,"{'a': 0.01, 'e': 0.40882017442254937}",20,6,-17.76705218045764,"{0: 13, 1: 0, 2: 0, 3: 0, 4: 1}",1
90,False,"{'a': 0.01, 'e': 0.4047319726783239}",20,0,-71.88655124084508,"{0: 15, 1: 0, 2: 3, 3: 1, 4: 1}",0
91,False,"{'a': 0.01, 'e': 0.40068465295154065}",20,2,-3.325953476715117,"{0: 15, 1: 1, 2: 2, 3: 0, 4: 0}",1
92,False,"{'a': 0.01, 'e': 0.39667780642202527}",20,10,-45.59953259850594,"{0: 7, 1: 0, 2: 2, 3: 0, 4: 1}",1
93,False,"{'a': 0.01, 'e': 0.392711028357805}",20,0,5.9982942812758235,"{0: 18, 1: 0, 2: 2, 3: 0, 4: 0}",0
94,False,"{'a': 0.01, 'e': 0.38878391807422696}",30,11,-9.367619367629471,"{0: 15, 1: 2, 2: 2, 3: 0, 4: 0}",1
95,False,"{'a': 0.01, 'e': 0.3848960788934847}",25,0,-31.83821373288858,"{0: 17, 1: 6, 2: 1, 3: 1, 4: 0}",0
96,False,"{'a': 0.01, 'e': 0.38104711810454983}",25,2,15.210319567629323,"{0: 22, 1: 0, 2: 1, 3: 0, 4: 0}",1
97,False,"{'a': 0.01, 'e': 0.37723664692350434}",25,7,-5.3739069586617,"{0: 16, 1: 1, 2: 0, 3: 1, 4: 0}",1
98,False,"{'a': 0.01, 'e': 0.37346428045426927}",25,18,12.84191817612949,"{0: 7, 1: 0, 2: 0, 3: 0, 4: 0}",1
99,False,"{'a': 0.01, 'e': 0.36972963764972655}",25,18,-28.235485972506133,"{0: 6, 1: 0, 2: 0, 3: 0, 4: 1}",1
100,False,"{'a': 0.01, 'e': 0.36603234127322926}",20,13,-10.453533088429175,"{0: 4, 1: 3, 2: 0, 3: 0, 4: 0}",1
101,False,"{'a': 0.01, 'e': 0.36237201786049694}",20,0,-24.582082614281248,"{0: 16, 1: 0, 2: 3, 3: 1, 4: 0}",0
102,False,"{'a': 0.01, 'e': 0.358748297681892}",25,8,-16.58458198005921,"{0: 16, 1: 0, 2: 0, 3: 0, 4: 1}",1
103,False,"{'a': 0.01, 'e': 0.35516081470507305}",35,21,19.415403959721644,"{0: 14, 1: 0, 2: 0, 3: 0, 4: 0}",1
104,False,"{'a': 0.01, 'e': 0.3516092065580223}",20,0,24.975515584313808,"{0: 19, 1: 1, 2: 0, 3: 0, 4: 0}",0
105,False,"{'a': 0.01, 'e': 0.34809311449244207}",25,14,-23.89514846589201,"{0: 10, 1: 0, 2: 0, 3: 0, 4: 1}",1
106,False,"{'a': 0.01, 'e': 0.34461218334751764}",20,0,-45.16876864482068,"{0: 14, 1: 3, 2: 1, 3: 2, 4: 0}",0
107,False,"{'a': 0.01, 'e': 0.34116606151404244}",20,8,7.971159945109047,"{0: 11, 1: 0, 2: 1, 3: 0, 4: 0}",1
108,False,"{'a': 0.01, 'e': 0.337754400898902}",25,2,-18.532311871185616,"{0: 18, 1: 1, 2: 4, 3: 0, 4: 0}",1
109,False,"{'a': 0.01, 'e': 0.334376856889913}",20,13,3.84087669748818,"{0: 6, 1: 1, 2: 0, 3: 0, 4: 0}",1
110,False,"{'a': 0.01, 'e': 0.33103308832101386}",30,8,-5.65996000931411,"{0: 19, 1: 0, 2: 3, 3: 0, 4: 0}",1
111,False,"{'a': 0.01, 'e': 0.3277227574378037}",25,0,-80.5748659546606,"{0: 19, 1: 0, 2: 3, 3: 2, 4: 1}",0
112,False,"{'a': 0.01, 'e': 0.3244455298634257}",35,13,-15.22170087028938,"{0: 20, 1: 0, 2: 1, 3: 0, 4: 1}",1
113,False,"{'a': 0.01, 'e': 0.3212010745647914}",20,10,19.473568193451687,"{0: 10, 1: 0, 2: 0, 3: 0, 4: 0}",1
114,False,"{'a': 0.01, 'e': 0.3179890638191435}",25,14,6.755371163280117,"{0: 10, 1: 0, 2: 1, 3: 0, 4: 0}",1
115,False,"{'a': 0.01, 'e': 0.31480917318095203}",25,15,-10.290965542666829,"{0: 7, 1: 1, 2: 2, 3: 0, 4: 0}",1
116,False,"{'a': 0.01, 'e': 0.3116610814491425}",35,12,3.1704459752861043,"{0: 20, 1: 0, 2: 3, 3: 0, 4: 0}",1
117,False,"{'a': 0.01, 'e': 0.30854447063465107}",25,8,-23.463944889248115,"{0: 15, 1: 0, 2: 1, 3: 0, 4: 1}",1
118,False,"{'a': 0.01, 'e': 0.30545902592830454}",20,9,9.58045321594705,"{0: 10, 1: 1, 2: 0, 3: 0, 4: 0}",1
119,False,"{'a': 0.01, 'e': 0.3024044356690215}",25,0,14.497466361551556,"{0: 21, 1: 4, 2: 0, 3: 0, 4: 0}",0
120,False,"{'a': 0.01, 'e': 0.29938039131233124}",30,11,-43.65069635866202,"{0: 16, 1: 0, 2: 1, 3: 1, 4: 1}",1
121,False,"{'a': 0.01, 'e': 0.2963865873992079}",30,16,-1.840331446098612,"{0: 11, 1: 2, 2: 1, 3: 0, 4: 0}",1
122,False,"{'a': 0.01, 'e': 0.29342272152521587}",20,5,-23.265202184506677,"{0: 13, 1: 1, 2: 0, 3: 0, 4: 1}",1
123,False,"{'a': 0.01, 'e': 0.2904884943099637}",25,14,12.360465265408976,"{0: 10, 1: 1, 2: 0, 3: 0, 4: 0}",1
124,False,"{'a': 0.01, 'e': 0.28758360936686406}",20,9,21.350176386116978,"{0: 11, 1: 0, 2: 0, 3: 0, 4: 0}",1
125,False,"{'a': 0.01, 'e': 0.2847077732731954}",30,13,-20.957119904408874,"{0: 15, 1: 0, 2: 1, 3: 0, 4: 1}",1
126,False,"{'a': 0.01, 'e': 0.28186069554046345}",30,6,24.394117421939878,"{0: 23, 1: 0, 2: 1, 3: 0, 4: 0}",1
127,False,"{'a': 0.01, 'e': 0.2790420885850588}",20,12,14.029011080719515,"{0: 8, 1: 0, 2: 0, 3: 0, 4: 0}",1
128,False,"{'a': 0.01, 'e': 0.2762516676992082}",20,3,-4.4496022818079,"{0: 15, 1: 0, 2: 1, 3: 1, 4: 0}",1
129,False,"{'a': 0.01, 'e': 0.27348915102221616}",25,0,-49.1978616741312,"{0: 19, 1: 3, 2: 2, 3: 0, 4: 1}",0
130,False,"{'a': 0.01, 'e': 0.270754259511994}",20,12,14.911111070885052,"{0: 8, 1: 0, 2: 0, 3: 0, 4: 0}",1
131,False,"{'a': 0.01, 'e': 0.26804671691687404}",20,0,7.843990333687292,"{0: 18, 1: 0, 2: 2, 3: 0, 4: 0}",0
132,False,"{'a': 0.01, 'e': 0.2653662497477053}",30,12,16.545289415306073,"{0: 17, 1: 0, 2: 0, 3: 1, 4: 0}",1
133,False,"{'a': 0.01, 'e': 0.2627125872502282}",20,2,16.63617797130977,"{0: 17, 1: 1, 2: 0, 3: 0, 4: 0}",1
134,False,"{'a': 0.01, 'e': 0.2600854613777259}",20,9,14.107049161916088,"{0: 10, 1: 1, 2: 0, 3: 0, 4: 0}",1
135,False,"{'a': 0.01, 'e': 0.2574846067639487}",30,10,-41.452139449816386,"{0: 17, 1: 0, 2: 1, 3: 1, 4: 1}",1
136,False,"{'a': 0.01, 'e': 0.2549097606963092}",20,9,2.766546248720336,"{0: 9, 1: 1, 2: 1, 3: 0, 4: 0}",1
137,False,"{'a': 0.01, 'e': 0.2523606630893461}",30,1,7.260719601050529,"{0: 26, 1: 0, 2: 3, 3: 0, 4: 0}",1
138,False,"{'a': 0.01, 'e': 0.24983705645845267}",20,0,-8.837768873146475,"{0: 17, 1: 0, 2: 3, 3: 0, 4: 0}",0
139,False,"{'a': 0.01, 'e': 0.24733868589386815}",30,16,4.6575332823537545,"{0: 12, 1: 1, 2: 1, 3: 0, 4: 0}",1
140,False,"{'a': 0.01, 'e': 0.24486529903492946}",20,10,-62.847350652303874,"{0: 8, 1: 0, 2: 0, 3: 0, 4: 2}",1
141,False,"{'a': 0.01, 'e': 0.24241664604458016}",20,0,4.678369259476417,"{0: 18, 1: 0, 2: 2, 3: 0, 4: 0}",0
142,False,"{'a': 0.01, 'e': 0.23999247958413436}",25,4,-30.900013531943223,"{0: 18, 1: 0, 2: 2, 3: 0, 4: 1}",1
143,False,"{'a': 0.01, 'e': 0.23759255478829303}",25,0,-8.18976262290432,"{0: 22, 1: 0, 2: 2, 3: 1, 4: 0}",0
144,False,"{'a': 0.01, 'e': 0.2352166292404101}",25,7,-16.767355171902885,"{0: 17, 1: 0, 2: 0, 3: 0, 4: 1}",1
145,False,"{'a': 0.01, 'e': 0.232864462948006}",30,7,-110.99623187556617,"{0: 18, 1: 0, 2: 2, 3: 0, 4: 3}",1
146,False,"{'a': 0.01, 'e': 0.23053581831852593}",25,11,22.675813498280483,"{0: 14, 1: 0, 2: 0, 3: 0, 4: 0}",1
147,False,"{'a': 0.01, 'e': 0.22823046013534068}",35,7,0.49928535921339523,"{0: 27, 1: 0, 2: 0, 3: 0, 4: 1}",1
148,False,"{'a': 0.01, 'e': 0.22594815553398728}",25,17,-6.13572425415753,"{0: 6, 1: 1, 2: 1, 3: 0, 4: 0}",1
149,False,"{'a': 0.01, 'e': 0.22368867397864742}",25,9,23.060546349745835,"{0: 15, 1: 1, 2: 0, 3: 0, 4: 0}",1
150,False,"{'a': 0.01, 'e': 0.22145178723886094}",30,15,20.550646055811107,"{0: 14, 1: 1, 2: 0, 3: 0, 4: 0}",1
151,False,"{'a': 0.01, 'e': 0.21923726936647234}",20,7,18.13970755109132,"{0: 12, 1: 1, 2: 0, 3: 0, 4: 0}",1
152,False,"{'a': 0.01, 'e': 0.2170448966728076}",25,10,15.198578334986712,"{0: 14, 1: 0, 2: 1, 3: 0, 4: 0}",1
153,False,"{'a': 0.01, 'e': 0.21487444770607952}",25,3,-9.644757828098525,"{0: 19, 1: 0, 2: 2, 3: 1, 4: 0}",1
154,False,"{'a': 0.01, 'e': 0.21272570322901874}",20,0,-46.93774250431931,"{0: 18, 1: 0, 2: 0, 3: 0, 4: 2}",1
155,False,"{'a': 0.01, 'e': 0.21059844619672854}",35,24,-32.49349604554188,"{0: 9, 1: 0, 2: 1, 3: 0, 4: 1}",1
156,False,"{'a': 0.01, 'e': 0.20849246173476127}",25,18,-1.0891921994534568,"{0: 5, 1: 2, 2: 0, 3: 0, 4: 0}",1
157,False,"{'a': 0.01, 'e': 0.20640753711741366}",20,4,-56.30544717090175,"{0: 14, 1: 0, 2: 0, 3: 0, 4: 2}",1
158,False,"{'a': 0.01, 'e': 0.20434346174623952}",25,0,0.741095878964011,"{0: 22, 1: 1, 2: 1, 3: 1, 4: 0}",0
159,False,"{'a': 0.01, 'e': 0.20230002712877712}",25,13,28.231724644692722,"{0: 12, 1: 0, 2: 0, 3: 0, 4: 0}",1
160,False,"{'a': 0.01, 'e': 0.20027702685748935}",30,12,19.542120763102815,"{0: 17, 1: 0, 2: 1, 3: 0, 4: 0}",1
161,False,"{'a': 0.01, 'e': 0.19827425658891445}",30,17,17.766443393870976,"{0: 12, 1: 1, 2: 0, 3: 0, 4: 0}",1
162,False,"{'a': 0.01, 'e': 0.1962915140230253}",30,23,11.1617179010469,"{0: 7, 1: 0, 2: 0, 3: 0, 4: 0}",1
163,False,"{'a': 0.01, 'e': 0.19432859888279505}",20,0,-38.68612810688954,"{0: 16, 1: 2, 2: 1, 3: 0, 4: 1}",0
164,False,"{'a': 0.01, 'e': 0.1923853128939671}",30,16,2.108714076212014,"{0: 12, 1: 0, 2: 2, 3: 0, 4: 0}",1
165,False,"{'a': 0.01, 'e': 0.19046145976502743}",20,6,-3.45205498106617,"{0: 12, 1: 0, 2: 2, 3: 0, 4: 0}",1
166,False,"{'a': 0.01, 'e': 0.18855684516737714}",25,15,17.53305862198787,"{0: 10, 1: 0, 2: 0, 3: 0, 4: 0}",1
167,False,"{'a': 0.01, 'e': 0.18667127671570335}",20,8,9.5366286142082,"{0: 11, 1: 0, 2: 1, 3: 0, 4: 0}",1
168,False,"{'a': 0.01, 'e': 0.18480456394854633}",20,0,-0.04242176687340504,"{0: 18, 1: 0, 2: 1, 3: 1, 4: 0}",0
169,False,"{'a': 0.01, 'e': 0.18295651830906087}",30,19,22.675067425654493,"{0: 11, 1: 0, 2: 0, 3: 0, 4: 0}",1
170,False,"{'a': 0.01, 'e': 0.18112695312597027}",20,8,13.91768847449141,"{0: 11, 1: 0, 2: 1, 3: 0, 4: 0}",1
171,False,"{'a': 0.01, 'e': 0.17931568359471056}",20,0,-31.25240518159637,"{0: 16, 1: 2, 2: 1, 3: 0, 4: 1}",0
172,False,"{'a': 0.01, 'e': 0.17752252675876345}",25,19,10.78786231575145,"{0: 6, 1: 0, 2: 0, 3: 0, 4: 0}",1
173,False,"{'a': 0.01, 'e': 0.17574730149117582}",20,8,10.28448311824964,"{0: 10, 1: 2, 2: 0, 3: 0, 4: 0}",1
174,False,"{'a': 0.01, 'e': 0.17398982847626407}",20,10,8.700208793527844,"{0: 9, 1: 1, 2: 0, 3: 0, 4: 0}",1
175,False,"{'a': 0.01, 'e': 0.17224993019150142}",20,15,9.760075391672913,"{0: 5, 1: 0, 2: 0, 3: 0, 4: 0}",1
176,False,"{'a': 0.01, 'e': 0.1705274308895864}",30,5,-0.5418015760802171,"{0: 24, 1: 0, 2: 0, 3: 0, 4: 1}",1
177,False,"{'a': 0.01, 'e': 0.16882215658069055}",25,14,-6.521536643216347,"{0: 9, 1: 0, 2: 2, 3: 0, 4: 0}",1
178,False,"{'a': 0.01, 'e': 0.16713393501488363}",20,14,14.025032713690518,"{0: 6, 1: 0, 2: 0, 3: 0, 4: 0}",1
179,False,"{'a': 0.01, 'e': 0.16546259566473479}",25,15,-36.55155694282741,"{0: 8, 1: 0, 2: 1, 3: 0, 4: 1}",1
180,False,"{'a': 0.01, 'e': 0.16380796970808745}",20,8,-33.1596574398088,"{0: 10, 1: 0, 2: 1, 3: 0, 4: 1}",1
181,False,"{'a': 0.01, 'e': 0.16216989001100657}",20,4,29.674860876224418,"{0: 16, 1: 0, 2: 0, 3: 0, 4: 0}",1
182,False,"{'a': 0.01, 'e': 0.1605481911108965}",25,0,38.71692191524258,"{0: 25, 1: 0, 2: 0, 3: 0, 4: 0}",1
183,False,"{'a': 0.01, 'e': 0.15894270919978754}",25,14,-5.738104879585922,"{0: 9, 1: 0, 2: 2, 3: 0, 4: 0}",1
184,False,"{'a': 0.01, 'e': 0.15735328210778965}",30,12,33.2289717493019,"{0: 18, 1: 0, 2: 0, 3: 0, 4: 0}",1
185,False,"{'a': 0.01, 'e': 0.15577974928671176}",20,1,32.455620258726995,"{0: 19, 1: 0, 2: 0, 3: 0, 4: 0}",1
186,False,"{'a': 0.01, 'e': 0.15422195179384465}",20,8,0.29394428550764595,"{0: 10, 1: 0, 2: 2, 3: 0, 4: 0}",1
187,False,"{'a': 0.01, 'e': 0.1526797322759062}",20,12,10.902237941575677,"{0: 8, 1: 0, 2: 0, 3: 0, 4: 0}",1
188,False,"{'a': 0.01, 'e': 0.15115293495314713}",20,8,23.115035867558476,"{0: 12, 1: 0, 2: 0, 3: 0, 4: 0}",1
189,False,"{'a': 0.01, 'e': 0.14964140560361566}",30,11,23.403366000172873,"{0: 18, 1: 0, 2: 1, 3: 0, 4: 0}",1
190,False,"{'a': 0.01, 'e': 0.1481449915475795}",25,19,12.16851669950734,"{0: 6, 1: 0, 2: 0, 3: 0, 4: 0}",1
191,False,"{'a': 0.01, 'e': 0.1466635416321037}",25,13,13.995482276787843,"{0: 11, 1: 1, 2: 0, 3: 0, 4: 0}",1
192,False,"{'a': 0.01, 'e': 0.14519690621578268}",30,20,18.909669016128145,"{0: 10, 1: 0, 2: 0, 3: 0, 4: 0}",1
193,False,"{'a': 0.01, 'e': 0.14374493715362485}",20,0,-3.3293037754085844,"{0: 18, 1: 0, 2: 1, 3: 1, 4: 0}",0
194,False,"{'a': 0.01, 'e': 0.1423074877820886}",20,16,7.894480445198597,"{0: 4, 1: 0, 2: 0, 3: 0, 4: 0}",1
195,False,"{'a': 0.01, 'e': 0.1408844129042677}",25,9,14.390077324912147,"{0: 15, 1: 0, 2: 1, 3: 0, 4: 0}",1
196,False,"{'a': 0.01, 'e': 0.13947556877522502}",25,13,21.59909720544531,"{0: 12, 1: 0, 2: 0, 3: 0, 4: 0}",1
197,False,"{'a': 0.01, 'e': 0.13808081308747278}",25,15,17.468510560011644,"{0: 10, 1: 0, 2: 0, 3: 0, 4: 0}",1
198,False,"{'a': 0.01, 'e': 0.13670000495659804}",25,19,9.358828730453572,"{0: 6, 1: 0, 2: 0, 3: 0, 4: 0}",1
199,False,"{'a': 0.01, 'e': 0.13533300490703207}",20,15,-3.0438700508541716,"{0: 4, 1: 0, 2: 1, 3: 0, 4: 0}",1
200,False,"{'a': 0.01, 'e': 0.13397967485796175}",25,10,13.525875306380271,"{0: 14, 1: 0, 2: 1, 3: 0, 4: 0}",1
201,False,"{'a': 0.01, 'e': 0.13263987810938213}",20,14,-7.603345418887873,"{0: 4, 1: 1, 2: 1, 3: 0, 4: 0}",1
202,False,"{'a': 0.01, 'e': 0.1313134793282883}",25,18,15.530221251301791,"{0: 7, 1: 0, 2: 0, 3: 0, 4: 0}",1
203,False,"{'a': 0.01, 'e': 0.13000034453500542}",25,15,10.024486743515894,"{0: 9, 1: 1, 2: 0, 3: 0, 4: 0}",1
204,False,"{'a': 0.01, 'e': 0.12870034108965536}",30,19,8.750785687520995,"{0: 10, 1: 0, 2: 1, 3: 0, 4: 0}",1
205,False,"{'a': 0.01, 'e': 0.12741333767875881}",30,14,14.01004521831639,"{0: 15, 1: 0, 2: 1, 3: 0, 4: 0}",1
206,False,"{'a': 0.01, 'e': 0.12613920430197123}",30,16,-32.55921843176489,"{0: 12, 1: 0, 2: 1, 3: 0, 4: 1}",1
207,False,"{'a': 0.01, 'e': 0.12487781225895152}",20,10,7.689671473874971,"{0: 9, 1: 0, 2: 1, 3: 0, 4: 0}",1
208,False,"{'a': 0.01, 'e': 0.123629034136362}",35,27,17.352729404362172,"{0: 8, 1: 0, 2: 0, 3: 0, 4: 0}",1
209,False,"{'a': 0.01, 'e': 0.12239274379499838}",20,11,6.760369630896731,"{0: 8, 1: 1, 2: 0, 3: 0, 4: 0}",1
210,False,"{'a': 0.01, 'e': 0.1211688163570484}",25,0,30.800873367544952,"{0: 24, 1: 1, 2: 0, 3: 0, 4: 0}",0
211,False,"{'a': 0.01, 'e': 0.11995712819347792}",20,9,-12.337908946165912,"{0: 9, 1: 0, 2: 1, 3: 1, 4: 0}",1
212,False,"{'a': 0.01, 'e': 0.11875755691154315}",20,0,29.81616298941555,"{0: 20, 1: 0, 2: 0, 3: 0, 4: 0}",0
213,False,"{'a': 0.01, 'e': 0.11756998134242772}",20,12,16.951356852604757,"{0: 8, 1: 0, 2: 0, 3: 0, 4: 0}",1
214,False,"{'a': 0.01, 'e': 0.11639428152900344}",25,9,16.603663850969358,"{0: 15, 1: 0, 2: 1, 3: 0, 4: 0}",1
215,False,"{'a': 0.01, 'e': 0.11523033871371341}",25,20,10.062483257245624,"{0: 5, 1: 0, 2: 0, 3: 0, 4: 0}",1
216,False,"{'a': 0.01, 'e': 0.11407803532657627}",20,0,25.342940634684116,"{0: 19, 1: 1, 2: 0, 3: 0, 4: 0}",0
217,False,"{'a': 0.01, 'e': 0.11293725497331052}",25,3,23.76961622442769,"{0: 21, 1: 0, 2: 1, 3: 0, 4: 0}",1
218,False,"{'a': 0.01, 'e': 0.1118078824235774}",20,4,14.201571277877065,"{0: 15, 1: 0, 2: 1, 3: 0, 4: 0}",1
219,False,"{'a': 0.01, 'e': 0.11068980359934164}",25,2,37.508615773731364,"{0: 23, 1: 0, 2: 0, 3: 0, 4: 0}",1
220,False,"{'a': 0.01, 'e': 0.10958290556334822}",20,11,-2.2058953486984554,"{0: 8, 1: 0, 2: 0, 3: 1, 4: 0}",1
221,False,"{'a': 0.01, 'e': 0.10848707650771475}",20,0,31.425604111367274,"{0: 20, 1: 0, 2: 0, 3: 0, 4: 0}",1
222,False,"{'a': 0.01, 'e': 0.1074022057426376}",25,14,9.682107914975068,"{0: 10, 1: 0, 2: 1, 3: 0, 4: 0}",1
223,False,"{'a': 0.01, 'e': 0.10632818368521123}",35,21,28.298695056450477,"{0: 14, 1: 0, 2: 0, 3: 0, 4: 0}",1
224,False,"{'a': 0.01, 'e': 0.10526490184835911}",20,6,26.55984913946389,"{0: 14, 1: 0, 2: 0, 3: 0, 4: 0}",1
225,False,"{'a': 0.01, 'e': 0.10421225282987552}",20,8,11.86986458945494,"{0: 11, 1: 0, 2: 1, 3: 0, 4: 0}",1
226,False,"{'a': 0.01, 'e': 0.10317013030157676}",30,15,4.7912563584127845,"{0: 13, 1: 0, 2: 2, 3: 0, 4: 0}",1
227,False,"{'a': 0.01, 'e': 0.10213842899856099}",30,15,16.39038746929338,"{0: 14, 1: 0, 2: 1, 3: 0, 4: 0}",1
228,False,"{'a': 0.01, 'e': 0.10111704470857538}",25,19,-1.545096446658563,"{0: 5, 1: 0, 2: 1, 3: 0, 4: 0}",1
229,False,"{'a': 0.01, 'e': 0.10010587426148963}",20,13,13.248005490851071,"{0: 7, 1: 0, 2: 0, 3: 0, 4: 0}",1
230,False,"{'a': 0.01, 'e': 0.09910481551887473}",20,15,10.399313024453964,"{0: 5, 1: 0, 2: 0, 3: 0, 4: 0}",1
231,False,"{'a': 0.01, 'e': 0.09811376736368599}",20,13,13.25086836373777,"{0: 7, 1: 0, 2: 0, 3: 0, 4: 0}",1
232,False,"{'a': 0.01, 'e': 0.09713262969004913}",20,13,12.554350450691132,"{0: 7, 1: 0, 2: 0, 3: 0, 4: 0}",1
233,False,"{'a': 0.01, 'e': 0.09616130339314863}",20,3,27.2528619820901,"{0: 17, 1: 0, 2: 0, 3: 0, 4: 0}",1
234,False,"{'a': 0.01, 'e': 0.09519969035921715}",35,27,13.133610411059776,"{0: 8, 1: 0, 2: 0, 3: 0, 4: 0}",1
235,False,"{'a': 0.01, 'e': 0.09424769345562498}",25,5,-44.33703273624454,"{0: 16, 1: 2, 2: 0, 3: 1, 4: 1}",1
236,False,"{'a': 0.01, 'e': 0.09330521652106873}",25,5,23.648245827722477,"{0: 19, 1: 0, 2: 1, 3: 0, 4: 0}",1
237,False,"{'a': 0.01, 'e': 0.09237216435585804}",30,11,-12.858005117998976,"{0: 18, 1: 0, 2: 0, 3: 0, 4: 1}",1
238,False,"{'a': 0.01, 'e': 0.09144844271229946}",20,8,21.205901439740448,"{0: 12, 1: 0, 2: 0, 3: 0, 4: 0}",1
239,False,"{'a': 0.01, 'e': 0.09053395828517646}",20,3,28.847216855431984,"{0: 17, 1: 0, 2: 0, 3: 0, 4: 0}",1
240,False,"{'a': 0.01, 'e': 0.08962861870232469}",20,9,9.00919417499346,"{0: 10, 1: 0, 2: 1, 3: 0, 4: 0}",1
241,False,"{'a': 0.01, 'e': 0.08873233251530144}",20,8,20.880821487062157,"{0: 12, 1: 0, 2: 0, 3: 0, 4: 0}",1
242,False,"{'a': 0.01, 'e': 0.08784500919014843}",20,6,25.62666002282899,"{0: 14, 1: 0, 2: 0, 3: 0, 4: 0}",1
243,False,"{'a': 0.01, 'e': 0.08696655909824694}",20,14,10.024774060744882,"{0: 6, 1: 0, 2: 0, 3: 0, 4: 0}",1
244,False,"{'a': 0.01, 'e': 0.08609689350726446}",25,5,27.200204718558613,"{0: 19, 1: 1, 2: 0, 3: 0, 4: 0}",1
245,False,"{'a': 0.01, 'e': 0.08523592457219181}",20,12,14.477511664714198,"{0: 8, 1: 0, 2: 0, 3: 0, 4: 0}",1
246,False,"{'a': 0.01, 'e': 0.0843835653264699}",30,14,24.99783317342159,"{0: 16, 1: 0, 2: 0, 3: 0, 4: 0}",1
247,False,"{'a': 0.01, 'e': 0.0835397296732052}",20,12,-8.59259287870621,"{0: 6, 1: 0, 2: 2, 3: 0, 4: 0}",1
248,False,"{'a': 0.01, 'e': 0.08270433237647315}",30,18,25.39647756486063,"{0: 12, 1: 0, 2: 0, 3: 0, 4: 0}",1
249,False,"{'a': 0.01, 'e': 0.08187728905270841}",25,5,29.6606131127767,"{0: 20, 1: 0, 2: 0, 3: 0, 4: 0}",1
250,False,"{'a': 0.01, 'e': 0.08105851616218133}",25,14,22.412732655923712,"{0: 11, 1: 0, 2: 0, 3: 0, 4: 0}",1
251,False,"{'a': 0.01, 'e': 0.08024793100055952}",20,11,14.040719902967375,"{0: 9, 1: 0, 2: 0, 3: 0, 4: 0}",1
252,False,"{'a': 0.01, 'e': 0.07944545169055392}",25,15,18.556245845894306,"{0: 10, 1: 0, 2: 0, 3: 0, 4: 0}",1
253,False,"{'a': 0.01, 'e': 0.07865099717364837}",30,13,23.497863510611527,"{0: 16, 1: 0, 2: 1, 3: 0, 4: 0}",1
254,False,"{'a': 0.01, 'e': 0.07786448720191189}",20,10,19.121886230474086,"{0: 10, 1: 0, 2: 0, 3: 0, 4: 0}",1
255,False,"{'a': 0.01, 'e': 0.07708584232989277}",20,10,-26.445188464295903,"{0: 9, 1: 0, 2: 0, 3: 0, 4: 1}",1
256,False,"{'a': 0.01, 'e': 0.07631498390659384}",30,14,26.46353366165667,"{0: 16, 1: 0, 2: 0, 3: 0, 4: 0}",1
257,False,"{'a': 0.01, 'e': 0.07555183406752791}",30,12,35.813799439758725,"{0: 18, 1: 0, 2: 0, 3: 0, 4: 0}",1
258,False,"{'a': 0.01, 'e': 0.07479631572685264}",25,13,24.742876642404553,"{0: 12, 1: 0, 2: 0, 3: 0, 4: 0}",1
259,False,"{'a': 0.01, 'e': 0.07404835256958411}",20,12,16.979014513898573,"{0: 8, 1: 0, 2: 0, 3: 0, 4: 0}",1
260,False,"{'a': 0.01, 'e': 0.07330786904388827}",20,7,26.388050322477667,"{0: 13, 1: 0, 2: 0, 3: 0, 4: 0}",1
261,False,"{'a': 0.01, 'e': 0.07257479035344938}",20,11,19.097963286969026,"{0: 9, 1: 0, 2: 0, 3: 0, 4: 0}",1
262,False,"{'a': 0.01, 'e': 0.07184904244991488}",20,16,5.888424558179034,"{0: 4, 1: 0, 2: 0, 3: 0, 4: 0}",1
263,False,"{'a': 0.01, 'e': 0.07113055202541574}",25,11,24.995154957724004,"{0: 14, 1: 0, 2: 0, 3: 0, 4: 0}",1
264,False,"{'a': 0.01, 'e': 0.07041924650516158}",25,20,7.968098545822611,"{0: 5, 1: 0, 2: 0, 3: 0, 4: 0}",1
265,False,"{'a': 0.01, 'e': 0.06971505404010997}",25,13,17.809606218603296,"{0: 12, 1: 0, 2: 0, 3: 0, 4: 0}",1
266,False,"{'a': 0.01, 'e': 0.06901790349970886}",25,5,0.6047473001716452,"{0: 17, 1: 1, 2: 2, 3: 0, 4: 0}",1
267,False,"{'a': 0.01, 'e': 0.06832772446471178}",25,9,30.24979652984922,"{0: 16, 1: 0, 2: 0, 3: 0, 4: 0}",1
268,False,"{'a': 0.01, 'e': 0.06764444722006466}",25,16,16.70379283987235,"{0: 9, 1: 0, 2: 0, 3: 0, 4: 0}",1
269,False,"{'a': 0.01, 'e': 0.066968002747864}",20,0,28.47282826918851,"{0: 20, 1: 0, 2: 0, 3: 0, 4: 0}",0
270,False,"{'a': 0.01, 'e': 0.06629832272038537}",20,12,14.693713628116198,"{0: 8, 1: 0, 2: 0, 3: 0, 4: 0}",1
271,False,"{'a': 0.01, 'e': 0.06563533949318151}",20,1,27.451327567551534,"{0: 19, 1: 0, 2: 0, 3: 0, 4: 0}",1
272,False,"{'a': 0.01, 'e': 0.06497898609824969}",25,19,12.042097023886967,"{0: 6, 1: 0, 2: 0, 3: 0, 4: 0}",1
273,False,"{'a': 0.01, 'e': 0.0643291962372672}",20,2,28.92287660783969,"{0: 18, 1: 0, 2: 0, 3: 0, 4: 0}",1
274,False,"{'a': 0.01, 'e': 0.06368590427489453}",25,14,19.757410724085986,"{0: 11, 1: 0, 2: 0, 3: 0, 4: 0}",1
275,False,"{'a': 0.01, 'e': 0.06304904523214558}",20,12,14.189757926421024,"{0: 8, 1: 0, 2: 0, 3: 0, 4: 0}",1
276,False,"{'a': 0.01, 'e': 0.06241855477982412}",20,2,28.24972948876338,"{0: 18, 1: 0, 2: 0, 3: 0, 4: 0}",1
277,False,"{'a': 0.01, 'e': 0.06179436923202588}",20,7,18.226807338632238,"{0: 13, 1: 0, 2: 0, 3: 0, 4: 0}",1
278,False,"{'a': 0.01, 'e': 0.06117642553970562}",25,0,39.63690234778951,"{0: 25, 1: 0, 2: 0, 3: 0, 4: 0}",0
279,False,"{'a': 0.01, 'e': 0.06056466128430856}",25,0,42.61082346873053,"{0: 25, 1: 0, 2: 0, 3: 0, 4: 0}",0
280,False,"{'a': 0.01, 'e': 0.05995901467146548}",20,7,22.590125558666045,"{0: 13, 1: 0, 2: 0, 3: 0, 4: 0}",1
281,False,"{'a': 0.01, 'e': 0.05935942452475082}",25,16,18.508514659337152,"{0: 9, 1: 0, 2: 0, 3: 0, 4: 0}",1
282,False,"{'a': 0.01, 'e': 0.058765830279503314}",20,9,18.90589483590974,"{0: 11, 1: 0, 2: 0, 3: 0, 4: 0}",1
283,False,"{'a': 0.01, 'e': 0.05817817197670828}",30,18,11.384719651386227,"{0: 11, 1: 0, 2: 1, 3: 0, 4: 0}",1
284,False,"{'a': 0.01, 'e': 0.057596390256941195}",20,16,5.697910971937988,"{0: 4, 1: 0, 2: 0, 3: 0, 4: 0}",1
285,False,"{'a': 0.01, 'e': 0.05702042635437178}",20,13,12.387376190049707,"{0: 7, 1: 0, 2: 0, 3: 0, 4: 0}",1
286,False,"{'a': 0.01, 'e': 0.05645022209082806}",20,4,11.567197748670786,"{0: 15, 1: 0, 2: 1, 3: 0, 4: 0}",1
287,False,"{'a': 0.01, 'e': 0.05588571986991978}",25,19,9.707216395994996,"{0: 6, 1: 0, 2: 0, 3: 0, 4: 0}",1
288,False,"{'a': 0.01, 'e': 0.055326862671220584}",20,13,16.054195663648017,"{0: 7, 1: 0, 2: 0, 3: 0, 4: 0}",1
289,False,"{'a': 0.01, 'e': 0.05477359404450838}",20,9,19.212553633505006,"{0: 11, 1: 0, 2: 0, 3: 0, 4: 0}",1
290,False,"{'a': 0.01, 'e': 0.054225858104063294}",20,4,14.117597724700712,"{0: 15, 1: 0, 2: 1, 3: 0, 4: 0}",1
291,False,"{'a': 0.01, 'e': 0.05368359952302266}",25,11,23.6756019641349,"{0: 14, 1: 0, 2: 0, 3: 0, 4: 0}",1
292,False,"{'a': 0.01, 'e': 0.053146763527792434}",30,19,-20.456384493165743,"{0: 10, 1: 0, 2: 0, 3: 0, 4: 1}",1
293,False,"{'a': 0.01, 'e': 0.052615295892514506}",25,11,22.408041699798357,"{0: 14, 1: 0, 2: 0, 3: 0, 4: 0}",1
294,False,"{'a': 0.01, 'e': 0.052089142933589364}",20,7,14.109228427790757,"{0: 12, 1: 1, 2: 0, 3: 0, 4: 0}",1
295,False,"{'a': 0.01, 'e': 0.05156825150425347}",20,3,11.5819899344279,"{0: 16, 1: 0, 2: 1, 3: 0, 4: 0}",1
296,False,"{'a': 0.01, 'e': 0.051052568989210935}",20,2,29.46320750400178,"{0: 18, 1: 0, 2: 0, 3: 0, 4: 0}",1
297,False,"{'a': 0.01, 'e': 0.05054204329931883}",25,16,17.871371487359802,"{0: 9, 1: 0, 2: 0, 3: 0, 4: 0}",1
298,False,"{'a': 0.01, 'e': 0.05003662286632564}",25,0,16.260926871983358,"{0: 23, 1: 0, 2: 2, 3: 0, 4: 0}",0
299,False,"{'a': 0.01, 'e': 0.04953625663766238}",20,0,26.33076128878214,"{0: 20, 1: 0, 2: 0, 3: 0, 4: 0}",0
300,False,"{'a': 0.01, 'e': 0.04904089407128576}",25,8,12.114496846508715,"{0: 16, 1: 0, 2: 1, 3: 0, 4: 0}",1
301,False,"{'a': 0.01, 'e': 0.0485504851305729}",25,9,20.661203681513,"{0: 15, 1: 1, 2: 0, 3: 0, 4: 0}",1
302,False,"{'a': 0.01, 'e': 0.048064980279267165}",30,0,39.81715087095848,"{0: 29, 1: 0, 2: 1, 3: 0, 4: 0}",0
303,False,"{'a': 0.01, 'e': 0.04758433047647449}",30,5,24.405798259520406,"{0: 24, 1: 0, 2: 0, 3: 1, 4: 0}",1
304,False,"{'a': 0.01, 'e': 0.04710848717170975}",20,7,18.03043557088616,"{0: 12, 1: 1, 2: 0, 3: 0, 4: 0}",1
305,False,"{'a': 0.01, 'e': 0.04663740229999265}",25,8,32.090674323858956,"{0: 17, 1: 0, 2: 0, 3: 0, 4: 0}",1
306,False,"{'a': 0.01, 'e': 0.04617102827699272}",25,10,28.22462724581394,"{0: 15, 1: 0, 2: 0, 3: 0, 4: 0}",1
307,False,"{'a': 0.01, 'e': 0.045709317994222794}",25,11,23.785979762356696,"{0: 14, 1: 0, 2: 0, 3: 0, 4: 0}",1
308,False,"{'a': 0.01, 'e': 0.04525222481428057}",20,10,19.185657857920525,"{0: 10, 1: 0, 2: 0, 3: 0, 4: 0}",1
309,False,"{'a': 0.01, 'e': 0.04479970256613776}",20,9,17.955637073570585,"{0: 11, 1: 0, 2: 0, 3: 0, 4: 0}",1
310,False,"{'a': 0.01, 'e': 0.04435170554047638}",20,8,23.385309453949738,"{0: 12, 1: 0, 2: 0, 3: 0, 4: 0}",1
311,False,"{'a': 0.01, 'e': 0.043908188485071616}",30,10,22.77741529621054,"{0: 19, 1: 0, 2: 1, 3: 0, 4: 0}",1
312,False,"{'a': 0.01, 'e': 0.0434691066002209}",20,16,8.082013218329125,"{0: 4, 1: 0, 2: 0, 3: 0, 4: 0}",1
313,False,"{'a': 0.01, 'e': 0.04303441553421869}",20,16,7.802099139646125,"{0: 4, 1: 0, 2: 0, 3: 0, 4: 0}",1
314,False,"{'a': 0.01, 'e': 0.0426040713788765}",25,9,26.979007307512717,"{0: 16, 1: 0, 2: 0, 3: 0, 4: 0}",1
315,False,"{'a': 0.01, 'e': 0.04217803066508773}",20,8,22.16103543334384,"{0: 12, 1: 0, 2: 0, 3: 0, 4: 0}",1
316,False,"{'a': 0.01, 'e': 0.04175625035843686}",20,12,16.149697283183883,"{0: 8, 1: 0, 2: 0, 3: 0, 4: 0}",1
317,False,"{'a': 0.01, 'e': 0.041338687854852486}",20,1,25.85694458705415,"{0: 19, 1: 0, 2: 0, 3: 0, 4: 0}",1
318,False,"{'a': 0.01, 'e': 0.04092530097630396}",25,11,24.401397670946704,"{0: 14, 1: 0, 2: 0, 3: 0, 4: 0}",1
319,False,"{'a': 0.01, 'e': 0.040516047966540916}",25,0,34.81331059445854,"{0: 25, 1: 0, 2: 0, 3: 0, 4: 0}",0
320,False,"{'a': 0.01, 'e': 0.04011088748687551}",25,8,33.50897741479232,"{0: 17, 1: 0, 2: 0, 3: 0, 4: 0}",1
321,False,"{'a': 0.01, 'e': 0.03970977861200675}",20,8,19.775083212108182,"{0: 12, 1: 0, 2: 0, 3: 0, 4: 0}",1
322,False,"{'a': 0.01, 'e': 0.03931268082588668}",30,9,25.529637643575743,"{0: 20, 1: 0, 2: 1, 3: 0, 4: 0}",1
323,False,"{'a': 0.01, 'e': 0.03891955401762781}",20,13,13.996817917460307,"{0: 7, 1: 0, 2: 0, 3: 0, 4: 0}",1
324,False,"{'a': 0.01, 'e': 0.03853035847745153}",20,14,-30.077449390067923,"{0: 5, 1: 0, 2: 0, 3: 0, 4: 1}",1
325,False,"{'a': 0.01, 'e': 0.03814505489267701}",20,0,32.2526417065684,"{0: 20, 1: 0, 2: 0, 3: 0, 4: 0}",0
326,False,"{'a': 0.01, 'e': 0.03776360434375024}",20,0,33.21846022677524,"{0: 20, 1: 0, 2: 0, 3: 0, 4: 0}",0
327,False,"{'a': 0.01, 'e': 0.03738596830031274}",20,13,15.240162675521498,"{0: 7, 1: 0, 2: 0, 3: 0, 4: 0}",1
328,False,"{'a': 0.01, 'e': 0.03701210861730961}",20,0,8.43952583795332,"{0: 18, 1: 0, 2: 2, 3: 0, 4: 0}",0
329,False,"{'a': 0.01, 'e': 0.03664198753113651}",20,14,10.390852528428603,"{0: 6, 1: 0, 2: 0, 3: 0, 4: 0}",1
330,False,"{'a': 0.01, 'e': 0.036275567655825146}",30,12,-15.679854287490414,"{0: 16, 1: 1, 2: 0, 3: 0, 4: 1}",1
331,False,"{'a': 0.01, 'e': 0.03591281197926689}",20,6,23.557818404940893,"{0: 14, 1: 0, 2: 0, 3: 0, 4: 0}",1
332,False,"{'a': 0.01, 'e': 0.035553683859474224}",20,11,15.917268132812596,"{0: 9, 1: 0, 2: 0, 3: 0, 4: 0}",1
333,False,"{'a': 0.01, 'e': 0.03519814702087948}",25,18,11.465612510118204,"{0: 7, 1: 0, 2: 0, 3: 0, 4: 0}",1
334,False,"{'a': 0.01, 'e': 0.03484616555067068}",25,15,19.3335609932497,"{0: 10, 1: 0, 2: 0, 3: 0, 4: 0}",1
335,False,"{'a': 0.01, 'e': 0.034497703895163975}",30,18,23.222043493383293,"{0: 12, 1: 0, 2: 0, 3: 0, 4: 0}",1
336,False,"{'a': 0.01, 'e': 0.03415272685621234}",20,10,21.082482373444144,"{0: 10, 1: 0, 2: 0, 3: 0, 4: 0}",1
337,False,"{'a': 0.01, 'e': 0.03381119958765021}",25,11,26.25542430834427,"{0: 14, 1: 0, 2: 0, 3: 0, 4: 0}",1
338,False,"{'a': 0.01, 'e': 0.03347308759177371}",20,14,9.426230950689998,"{0: 6, 1: 0, 2: 0, 3: 0, 4: 0}",1
339,False,"{'a': 0.01, 'e': 0.03313835671585597}",30,24,11.100038159218983,"{0: 6, 1: 0, 2: 0, 3: 0, 4: 0}",1
340,False,"{'a': 0.01, 'e': 0.03280697314869741}",20,0,24.1446324163235,"{0: 20, 1: 0, 2: 0, 3: 0, 4: 0}",0
341,False,"{'a': 0.01, 'e': 0.032478903417210436}",25,18,15.901294300430239,"{0: 7, 1: 0, 2: 0, 3: 0, 4: 0}",1
342,False,"{'a': 0.01, 'e': 0.032154114383038335}",20,8,22.16062374078033,"{0: 12, 1: 0, 2: 0, 3: 0, 4: 0}",1
343,False,"{'a': 0.01, 'e': 0.03183257323920795}",20,16,7.0364838181845615,"{0: 4, 1: 0, 2: 0, 3: 0, 4: 0}",1
344,False,"{'a': 0.01, 'e': 0.03151424750681587}",25,11,23.713481842593556,"{0: 14, 1: 0, 2: 0, 3: 0, 4: 0}",1
345,False,"{'a': 0.01, 'e': 0.03119910503174771}",25,18,14.2054491990963,"{0: 7, 1: 0, 2: 0, 3: 0, 4: 0}",1
346,False,"{'a': 0.01, 'e': 0.030887113981430233}",20,11,14.37269171709621,"{0: 9, 1: 0, 2: 0, 3: 0, 4: 0}",1
347,False,"{'a': 0.01, 'e': 0.03057824284161593}",25,13,21.594433419873184,"{0: 12, 1: 0, 2: 0, 3: 0, 4: 0}",1
348,False,"{'a': 0.01, 'e': 0.03027246041319977}",25,11,26.436948748666005,"{0: 14, 1: 0, 2: 0, 3: 0, 4: 0}",1
349,False,"{'a': 0.01, 'e': 0.029969735809067772}",20,11,17.591690165690803,"{0: 9, 1: 0, 2: 0, 3: 0, 4: 0}",1
350,False,"{'a': 0.01, 'e': 0.029670038450977095}",30,16,26.97551319432804,"{0: 14, 1: 0, 2: 0, 3: 0, 4: 0}",1
351,False,"{'a': 0.01, 'e': 0.029373338066467324}",30,16,27.47533153517742,"{0: 14, 1: 0, 2: 0, 3: 0, 4: 0}",1
352,False,"{'a': 0.01, 'e': 0.02907960468580265}",25,17,14.69454926926603,"{0: 8, 1: 0, 2: 0, 3: 0, 4: 0}",1
353,False,"{'a': 0.01, 'e': 0.028788808638944622}",25,16,19.0232602958758,"{0: 9, 1: 0, 2: 0, 3: 0, 4: 0}",1
354,False,"{'a': 0.01, 'e': 0.028500920552555174}",20,7,24.278425359330225,"{0: 13, 1: 0, 2: 0, 3: 0, 4: 0}",1
355,False,"{'a': 0.01, 'e': 0.028215911347029624}",25,7,31.416834409071754,"{0: 18, 1: 0, 2: 0, 3: 0, 4: 0}",1
356,False,"{'a': 0.01, 'e': 0.027933752233559327}",20,0,27.82260811436465,"{0: 20, 1: 0, 2: 0, 3: 0, 4: 0}",0
357,False,"{'a': 0.01, 'e': 0.027654414711223735}",30,12,19.885752118961683,"{0: 17, 1: 0, 2: 1, 3: 0, 4: 0}",1
358,False,"{'a': 0.01, 'e': 0.027377870564111496}",25,14,21.751121205414638,"{0: 11, 1: 0, 2: 0, 3: 0, 4: 0}",1
359,False,"{'a': 0.01, 'e': 0.027104091858470382}",20,12,-26.903769872753433,"{0: 7, 1: 0, 2: 0, 3: 0, 4: 1}",1
360,False,"{'a': 0.01, 'e': 0.026833050939885677}",30,18,22.92958412120965,"{0: 12, 1: 0, 2: 0, 3: 0, 4: 0}",1
361,False,"{'a': 0.01, 'e': 0.02656472043048682}",25,20,8.781753097532828,"{0: 5, 1: 0, 2: 0, 3: 0, 4: 0}",1
362,False,"{'a': 0.01, 'e': 0.02629907322618195}",20,13,12.154080129887912,"{0: 7, 1: 0, 2: 0, 3: 0, 4: 0}",1
363,False,"{'a': 0.01, 'e': 0.026036082493920133}",20,8,23.241887835744244,"{0: 12, 1: 0, 2: 0, 3: 0, 4: 0}",1
364,False,"{'a': 0.01, 'e': 0.02577572166898093}",20,16,6.777638496195426,"{0: 4, 1: 0, 2: 0, 3: 0, 4: 0}",1
365,False,"{'a': 0.01, 'e': 0.025517964452291122}",30,18,24.288508136236764,"{0: 12, 1: 0, 2: 0, 3: 0, 4: 0}",1
366,False,"{'a': 0.01, 'e': 0.02526278480776821}",25,11,13.71746017648495,"{0: 13, 1: 0, 2: 1, 3: 0, 4: 0}",1
367,False,"{'a': 0.01, 'e': 0.025010156959690527}",30,17,22.67002645212314,"{0: 13, 1: 0, 2: 0, 3: 0, 4: 0}",1
368,False,"{'a': 0.01, 'e': 0.02476005539009362}",25,10,18.463570923179446,"{0: 14, 1: 0, 2: 1, 3: 0, 4: 0}",1
369,False,"{'a': 0.01, 'e': 0.024512454836192684}",25,14,21.774311030607354,"{0: 11, 1: 0, 2: 0, 3: 0, 4: 0}",1
370,False,"{'a': 0.01, 'e': 0.024267330287830756}",30,23,14.957170545188598,"{0: 7, 1: 0, 2: 0, 3: 0, 4: 0}",1
371,False,"{'a': 0.01, 'e': 0.024024656984952448}",35,24,19.276100536232015,"{0: 11, 1: 0, 2: 0, 3: 0, 4: 0}",1
372,False,"{'a': 0.01, 'e': 0.023784410415102923}",30,20,15.521194085845647,"{0: 10, 1: 0, 2: 0, 3: 0, 4: 0}",1
373,False,"{'a': 0.01, 'e': 0.023546566310951894}",35,21,25.551711368078816,"{0: 14, 1: 0, 2: 0, 3: 0, 4: 0}",1
374,False,"{'a': 0.01, 'e': 0.023311100647842375}",25,13,24.653934805630367,"{0: 12, 1: 0, 2: 0, 3: 0, 4: 0}",1
375,False,"{'a': 0.01, 'e': 0.02307798964136395}",25,13,25.268574156939938,"{0: 12, 1: 0, 2: 0, 3: 0, 4: 0}",1
376,False,"{'a': 0.01, 'e': 0.022847209744950314}",25,15,18.15402148498019,"{0: 10, 1: 0, 2: 0, 3: 0, 4: 0}",1
377,False,"{'a': 0.01, 'e': 0.02261873764750081}",20,8,22.428801244952737,"{0: 12, 1: 0, 2: 0, 3: 0, 4: 0}",1
378,False,"{'a': 0.01, 'e': 0.022392550271025803}",30,16,14.534703041190925,"{0: 13, 1: 0, 2: 1, 3: 0, 4: 0}",1
379,False,"{'a': 0.01, 'e': 0.022168624768315544}",30,3,45.54933664948519,"{0: 27, 1: 0, 2: 0, 3: 0, 4: 0}",1
380,False,"{'a': 0.01, 'e': 0.02194693852063239}",30,12,31.837755634756242,"{0: 18, 1: 0, 2: 0, 3: 0, 4: 0}",1
381,False,"{'a': 0.01, 'e': 0.021727469135426065}",30,7,40.30123991738812,"{0: 23, 1: 0, 2: 0, 3: 0, 4: 0}",1
382,False,"{'a': 0.01, 'e': 0.021510194444071803}",25,13,23.75347479850867,"{0: 12, 1: 0, 2: 0, 3: 0, 4: 0}",1
383,False,"{'a': 0.01, 'e': 0.021295092499631085}",25,6,29.185456249381307,"{0: 19, 1: 0, 2: 0, 3: 0, 4: 0}",1
384,False,"{'a': 0.01, 'e': 0.021082141574634772}",20,0,37.11123288911253,"{0: 20, 1: 0, 2: 0, 3: 0, 4: 0}",0
385,False,"{'a': 0.01, 'e': 0.020871320158888425}",20,3,32.08721412830914,"{0: 17, 1: 0, 2: 0, 3: 0, 4: 0}",1
386,False,"{'a': 0.01, 'e': 0.020662606957299542}",20,7,21.931653749090735,"{0: 13, 1: 0, 2: 0, 3: 0, 4: 0}",1
387,False,"{'a': 0.01, 'e': 0.020455980887726547}",30,8,33.769467510703414,"{0: 22, 1: 0, 2: 0, 3: 0, 4: 0}",1
388,False,"{'a': 0.01, 'e': 0.02025142107884928}",20,9,21.155331022560294,"{0: 11, 1: 0, 2: 0, 3: 0, 4: 0}",1
389,False,"{'a': 0.01, 'e': 0.020048906868060788}",35,18,28.579357096775354,"{0: 17, 1: 0, 2: 0, 3: 0, 4: 0}",1
390,False,"{'a': 0.01, 'e': 0.01984841779938018}",25,11,17.056185239060046,"{0: 13, 1: 1, 2: 0, 3: 0, 4: 0}",1
391,False,"{'a': 0.01, 'e': 0.019649933621386378}",20,8,20.362571195968883,"{0: 12, 1: 0, 2: 0, 3: 0, 4: 0}",1
392,False,"{'a': 0.01, 'e': 0.019453434285172513}",30,21,17.324776942572587,"{0: 9, 1: 0, 2: 0, 3: 0, 4: 0}",1
393,False,"{'a': 0.01, 'e': 0.019258899942320787}",20,13,13.210628109900433,"{0: 7, 1: 0, 2: 0, 3: 0, 4: 0}",1
394,False,"{'a': 0.01, 'e': 0.01906631094289758}",25,15,16.572097796220365,"{0: 10, 1: 0, 2: 0, 3: 0, 4: 0}",1
395,False,"{'a': 0.01, 'e': 0.018875647833468602}",30,14,33.69447558177652,"{0: 16, 1: 0, 2: 0, 3: 0, 4: 0}",1
396,False,"{'a': 0.01, 'e': 0.018686891355133916}",25,20,7.108177956316289,"{0: 5, 1: 0, 2: 0, 3: 0, 4: 0}",1
397,False,"{'a': 0.01, 'e': 0.018500022441582577}",30,17,26.11712404658087,"{0: 13, 1: 0, 2: 0, 3: 0, 4: 0}",1
398,False,"{'a': 0.01, 'e': 0.01831502221716675}",25,15,18.16293950609831,"{0: 10, 1: 0, 2: 0, 3: 0, 4: 0}",1
399,False,"{'a': 0.01, 'e': 0.018131871994995084}",25,12,24.73668050223974,"{0: 13, 1: 0, 2: 0, 3: 0, 4: 0}",1
400,False,"{'a': 0.01, 'e': 0.017950553275045134}",25,13,23.44696902581532,"{0: 12, 1: 0, 2: 0, 3: 0, 4: 0}",1
401,False,"{'a': 0.01, 'e': 0.017771047742294682}",20,10,18.49792440714596,"{0: 10, 1: 0, 2: 0, 3: 0, 4: 0}",1
402,False,"{'a': 0.01, 'e': 0.017593337264871736}",20,12,15.794990974853075,"{0: 8, 1: 0, 2: 0, 3: 0, 4: 0}",1
403,False,"{'a': 0.01, 'e': 0.01741740389222302}",25,0,31.858689806312878,"{0: 25, 1: 0, 2: 0, 3: 0, 4: 0}",0
404,False,"{'a': 0.01, 'e': 0.01724322985330079}",20,14,8.956310383387358,"{0: 6, 1: 0, 2: 0, 3: 0, 4: 0}",1
405,False,"{'a': 0.01, 'e': 0.017070797554767782}",20,11,15.587611686005545,"{0: 9, 1: 0, 2: 0, 3: 0, 4: 0}",1
406,False,"{'a': 0.01, 'e': 0.016900089579220106}",20,10,15.179199127314268,"{0: 10, 1: 0, 2: 0, 3: 0, 4: 0}",1
407,False,"{'a': 0.01, 'e': 0.016731088683427906}",30,17,-17.002117127423393,"{0: 12, 1: 0, 2: 0, 3: 0, 4: 1}",1
408,False,"{'a': 0.01, 'e': 0.016563777796593626}",20,0,30.308562623049294,"{0: 20, 1: 0, 2: 0, 3: 0, 4: 0}",0
409,False,"{'a': 0.01, 'e': 0.016398140018627688}",20,9,21.82799037219387,"{0: 11, 1: 0, 2: 0, 3: 0, 4: 0}",1
410,False,"{'a': 0.01, 'e': 0.01623415861844141}",20,16,7.338361123293218,"{0: 4, 1: 0, 2: 0, 3: 0, 4: 0}",1
411,False,"{'a': 0.01, 'e': 0.016071817032256998}",20,1,20.61982885441766,"{0: 18, 1: 1, 2: 0, 3: 0, 4: 0}",1
412,False,"{'a': 0.01, 'e': 0.01591109886193443}",20,8,11.287142754093034,"{0: 11, 1: 0, 2: 1, 3: 0, 4: 0}",1
413,False,"{'a': 0.01, 'e': 0.015751987873315085}",25,13,19.98093616056807,"{0: 12, 1: 0, 2: 0, 3: 0, 4: 0}",1
414,False,"{'a': 0.01, 'e': 0.015594467994581935}",30,15,30.132478508659876,"{0: 15, 1: 0, 2: 0, 3: 0, 4: 0}",1
415,False,"{'a': 0.01, 'e': 0.015438523314636115}",30,13,14.90108428422197,"{0: 16, 1: 0, 2: 1, 3: 0, 4: 0}",1
416,False,"{'a': 0.01, 'e': 0.015284138081489753}",20,13,13.658610821022314,"{0: 7, 1: 0, 2: 0, 3: 0, 4: 0}",1
417,False,"{'a': 0.01, 'e': 0.015131296700674856}",30,2,44.02016186051306,"{0: 28, 1: 0, 2: 0, 3: 0, 4: 0}",1
418,False,"{'a': 0.01, 'e': 0.014979983733668108}",30,16,14.77846480847748,"{0: 13, 1: 0, 2: 1, 3: 0, 4: 0}",1
419,False,"{'a': 0.01, 'e': 0.014830183896331426}",25,19,13.442873610940813,"{0: 6, 1: 0, 2: 0, 3: 0, 4: 0}",1
420,False,"{'a': 0.01, 'e': 0.014681882057368112}",25,17,15.767061920101764,"{0: 8, 1: 0, 2: 0, 3: 0, 4: 0}",1
421,False,"{'a': 0.01, 'e': 0.01453506323679443}",25,13,0.9955900350291795,"{0: 11, 1: 0, 2: 0, 3: 1, 4: 0}",1
422,False,"{'a': 0.01, 'e': 0.014389712604426485}",25,11,24.611437067510593,"{0: 14, 1: 0, 2: 0, 3: 0, 4: 0}",1
423,False,"{'a': 0.01, 'e': 0.01424581547838222}",25,10,27.80849366832858,"{0: 15, 1: 0, 2: 0, 3: 0, 4: 0}",1
424,False,"{'a': 0.01, 'e': 0.014103357323598397}",20,9,19.850518107828442,"{0: 11, 1: 0, 2: 0, 3: 0, 4: 0}",1
425,False,"{'a': 0.01, 'e': 0.013962323750362413}",25,3,36.6552579489906,"{0: 22, 1: 0, 2: 0, 3: 0, 4: 0}",1
426,False,"{'a': 0.01, 'e': 0.013822700512858789}",30,19,22.67926057696394,"{0: 11, 1: 0, 2: 0, 3: 0, 4: 0}",1
427,False,"{'a': 0.01, 'e': 0.0136844735077302}",30,19,22.696365718190705,"{0: 11, 1: 0, 2: 0, 3: 0, 4: 0}",1
428,False,"{'a': 0.01, 'e': 0.013547628772652899}",20,5,25.800278261684,"{0: 15, 1: 0, 2: 0, 3: 0, 4: 0}",1
429,False,"{'a': 0.01, 'e': 0.01341215248492637}",25,8,15.646342512292392,"{0: 16, 1: 0, 2: 1, 3: 0, 4: 0}",1
430,False,"{'a': 0.01, 'e': 0.013278030960077106}",30,19,15.683337344025102,"{0: 11, 1: 0, 2: 0, 3: 0, 4: 0}",1
431,False,"{'a': 0.01, 'e': 0.013145250650476335}",20,13,15.376381504208048,"{0: 7, 1: 0, 2: 0, 3: 0, 4: 0}",1
432,False,"{'a': 0.01, 'e': 0.01301379814397157}",20,10,19.44583711137082,"{0: 10, 1: 0, 2: 0, 3: 0, 4: 0}",1
433,False,"{'a': 0.01, 'e': 0.012883660162531854}",20,9,20.137686216258814,"{0: 11, 1: 0, 2: 0, 3: 0, 4: 0}",1
434,False,"{'a': 0.01, 'e': 0.012754823560906535}",20,4,-0.3035461660753267,"{0: 15, 1: 0, 2: 0, 3: 1, 4: 0}",1
435,False,"{'a': 0.01, 'e': 0.01262727532529747}",20,2,29.19193834315702,"{0: 18, 1: 0, 2: 0, 3: 0, 4: 0}",1
436,False,"{'a': 0.01, 'e': 0.012501002572044496}",30,20,18.812262465871218,"{0: 10, 1: 0, 2: 0, 3: 0, 4: 0}",1
437,False,"{'a': 0.01, 'e': 0.01237599254632405}",20,15,9.292783979409288,"{0: 5, 1: 0, 2: 0, 3: 0, 4: 0}",1
438,False,"{'a': 0.01, 'e': 0.01225223262086081}",20,9,22.860600116440903,"{0: 11, 1: 0, 2: 0, 3: 0, 4: 0}",1
439,False,"{'a': 0.01, 'e': 0.012129710294652202}",25,12,24.69314909470375,"{0: 13, 1: 0, 2: 0, 3: 0, 4: 0}",1
440,False,"{'a': 0.01, 'e': 0.01200841319170568}",20,16,7.295424789631882,"{0: 4, 1: 0, 2: 0, 3: 0, 4: 0}",1
441,False,"{'a': 0.01, 'e': 0.011888329059788623}",20,15,2.7840256902197194,"{0: 4, 1: 1, 2: 0, 3: 0, 4: 0}",1
442,False,"{'a': 0.01, 'e': 0.011769445769190737}",20,15,11.089055663429711,"{0: 5, 1: 0, 2: 0, 3: 0, 4: 0}",1
443,False,"{'a': 0.01, 'e': 0.01165175131149883}",20,11,18.07321845701073,"{0: 9, 1: 0, 2: 0, 3: 0, 4: 0}",1
444,False,"{'a': 0.01, 'e': 0.011535233798383842}",20,16,7.116471492587913,"{0: 4, 1: 0, 2: 0, 3: 0, 4: 0}",1
445,False,"{'a': 0.01, 'e': 0.011419881460400004}",30,24,9.008549351872233,"{0: 6, 1: 0, 2: 0, 3: 0, 4: 0}",1
446,False,"{'a': 0.01, 'e': 0.011305682645796004}",20,9,21.67614703522415,"{0: 11, 1: 0, 2: 0, 3: 0, 4: 0}",1
447,False,"{'a': 0.01, 'e': 0.011192625819338045}",25,14,22.89068558558272,"{0: 11, 1: 0, 2: 0, 3: 0, 4: 0}",1
448,False,"{'a': 0.01, 'e': 0.011080699561144665}",30,16,25.346800269388208,"{0: 14, 1: 0, 2: 0, 3: 0, 4: 0}",1
449,False,"{'a': 0.01, 'e': 0.010969892565533218}",20,13,13.987798019784806,"{0: 7, 1: 0, 2: 0, 3: 0, 4: 0}",1
450,False,"{'a': 0.01, 'e': 0.010860193639877886}",25,9,18.83588165994785,"{0: 15, 1: 0, 2: 1, 3: 0, 4: 0}",1
451,False,"{'a': 0.01, 'e': 0.010751591703479106}",20,2,23.64082798769059,"{0: 18, 1: 0, 2: 0, 3: 0, 4: 0}",1
452,False,"{'a': 0.01, 'e': 0.010644075786444315}",30,16,24.69334657413861,"{0: 14, 1: 0, 2: 0, 3: 0, 4: 0}",1
453,False,"{'a': 0.01, 'e': 0.010537635028579873}",20,13,13.581132804278202,"{0: 7, 1: 0, 2: 0, 3: 0, 4: 0}",1
454,False,"{'a': 0.01, 'e': 0.010432258678294073}",20,10,16.856811157195636,"{0: 10, 1: 0, 2: 0, 3: 0, 4: 0}",1
455,False,"{'a': 0.01, 'e': 0.010327936091511133}",20,6,28.347398380969288,"{0: 14, 1: 0, 2: 0, 3: 0, 4: 0}",1
456,False,"{'a': 0.01, 'e': 0.010224656730596022}",35,24,23.01750036131139,"{0: 11, 1: 0, 2: 0, 3: 0, 4: 0}",1
457,False,"{'a': 0.01, 'e': 0.01012241016329006}",35,17,34.79605386704118,"{0: 18, 1: 0, 2: 0, 3: 0, 4: 0}",1
458,False,"{'a': 0.01, 'e': 0.01002118606165716}",20,3,30.017245346224566,"{0: 17, 1: 0, 2: 0, 3: 0, 4: 0}",1
459,False,"{'a': 0.01, 'e': 0.009920974201040588}",30,20,17.327141231153597,"{0: 10, 1: 0, 2: 0, 3: 0, 4: 0}",1
1,True,"{'a': 0.0, 'e': 0.0}",25,19,13.1121053875343,"{0: 6, 1: 0, 2: 0, 3: 0, 4: 0}",1
2,True,"{'a': 0.0, 'e': 0.0}",20,2,24.1513904135686,"{0: 18, 1: 0, 2: 0, 3: 0, 4: 0}",1
3,True,"{'a': 0.0, 'e': 0.0}",25,13,22.97202821873156,"{0: 12, 1: 0, 2: 0, 3: 0, 4: 0}",1
4,True,"{'a': 0.0, 'e': 0.0}",20,0,23.22395944548111,"{0: 20, 1: 0, 2: 0, 3: 0, 4: 0}",0
5,True,"{'a': 0.0, 'e': 0.0}",20,9,19.34489825172131,"{0: 11, 1: 0, 2: 0, 3: 0, 4: 0}",1
6,True,"{'a': 0.0, 'e': 0.0}",20,16,8.275834166680017,"{0: 4, 1: 0, 2: 0, 3: 0, 4: 0}",1
7,True,"{'a': 0.0, 'e': 0.0}",20,8,16.90643328046555,"{0: 12, 1: 0, 2: 0, 3: 0, 4: 0}",1
8,True,"{'a': 0.0, 'e': 0.0}",25,0,40.48455651836159,"{0: 25, 1: 0, 2: 0, 3: 0, 4: 0}",0
9,True,"{'a': 0.0, 'e': 0.0}",30,19,21.120380325848274,"{0: 11, 1: 0, 2: 0, 3: 0, 4: 0}",1
10,True,"{'a': 0.0, 'e': 0.0}",30,16,29.522750706750603,"{0: 14, 1: 0, 2: 0, 3: 0, 4: 0}",1
11,True,"{'a': 0.0, 'e': 0.0}",20,12,15.73154876745933,"{0: 8, 1: 0, 2: 0, 3: 0, 4: 0}",1
12,True,"{'a': 0.0, 'e': 0.0}",20,7,19.7141393161631,"{0: 13, 1: 0, 2: 0, 3: 0, 4: 0}",1
13,True,"{'a': 0.0, 'e': 0.0}",20,13,15.73681686619767,"{0: 7, 1: 0, 2: 0, 3: 0, 4: 0}",1
14,True,"{'a': 0.0, 'e': 0.0}",20,8,22.130992006233605,"{0: 12, 1: 0, 2: 0, 3: 0, 4: 0}",1
15,True,"{'a': 0.0, 'e': 0.0}",30,19,23.948596008076464,"{0: 11, 1: 0, 2: 0, 3: 0, 4: 0}",1
16,True,"{'a': 0.0, 'e': 0.0}",20,8,23.167656810157585,"{0: 12, 1: 0, 2: 0, 3: 0, 4: 0}",1
17,True,"{'a': 0.0, 'e': 0.0}",25,7,34.814597028676296,"{0: 18, 1: 0, 2: 0, 3: 0, 4: 0}",1
18,True,"{'a': 0.0, 'e': 0.0}",25,17,15.562615650496738,"{0: 8, 1: 0, 2: 0, 3: 0, 4: 0}",1
19,True,"{'a': 0.0, 'e': 0.0}",20,9,22.878488109876358,"{0: 11, 1: 0, 2: 0, 3: 0, 4: 0}",1
20,True,"{'a': 0.0, 'e': 0.0}",20,10,18.847591219997817,"{0: 10, 1: 0, 2: 0, 3: 0, 4: 0}",1
